<?xml version="1.0" encoding="UTF-8"?>
<metadata xml:lang="en"><Esri><CreaDate>20160620</CreaDate><CreaTime>14114600</CreaTime><ArcGISFormat>1.0</ArcGISFormat><SyncOnce>FALSE</SyncOnce><DataProperties><itemProps><itemName Sync="TRUE">All_MAs_CORE_HINTERLAND_2016</itemName><imsContentType Sync="TRUE">002</imsContentType><itemSize Sync="TRUE">0.000</itemSize><itemLocation><linkage Sync="TRUE">file://\\main.oecd.org\ASgenGOV\GOVStatistics\BACKUP\GIS\Maps_Templates\METRO_SHP\All_MAs_CORE_HINTERLAND_2016.shp</linkage><protocol Sync="TRUE">Local Area Network</protocol></itemLocation></itemProps><coordRef><type Sync="TRUE">Geographic</type><geogcsn Sync="TRUE">GCS_GDA_1994</geogcsn><csUnits Sync="TRUE">Angular Unit: Degree (0.017453)</csUnits><peXml Sync="TRUE">&lt;GeographicCoordinateSystem xsi:type='typens:GeographicCoordinateSystem' xmlns:xsi='http://www.w3.org/2001/XMLSchema-instance' xmlns:xs='http://www.w3.org/2001/XMLSchema' xmlns:typens='http://www.esri.com/schemas/ArcGIS/10.0'&gt;&lt;WKT&gt;GEOGCS[&amp;quot;GCS_GDA_1994&amp;quot;,DATUM[&amp;quot;D_GDA_1994&amp;quot;,SPHEROID[&amp;quot;GRS_1980&amp;quot;,6378137.0,298.257222101]],PRIMEM[&amp;quot;Greenwich&amp;quot;,0.0],UNIT[&amp;quot;Degree&amp;quot;,0.0174532925199433],AUTHORITY[&amp;quot;EPSG&amp;quot;,4283]]&lt;/WKT&gt;&lt;XOrigin&gt;-399.99999999999989&lt;/XOrigin&gt;&lt;YOrigin&gt;-399.99999999999989&lt;/YOrigin&gt;&lt;XYScale&gt;11258999068426.24&lt;/XYScale&gt;&lt;ZOrigin&gt;-100000&lt;/ZOrigin&gt;&lt;ZScale&gt;10000&lt;/ZScale&gt;&lt;MOrigin&gt;-100000&lt;/MOrigin&gt;&lt;MScale&gt;10000&lt;/MScale&gt;&lt;XYTolerance&gt;8.9831528411952117e-009&lt;/XYTolerance&gt;&lt;ZTolerance&gt;0.001&lt;/ZTolerance&gt;&lt;MTolerance&gt;0.001&lt;/MTolerance&gt;&lt;HighPrecision&gt;true&lt;/HighPrecision&gt;&lt;LeftLongitude&gt;-180&lt;/LeftLongitude&gt;&lt;WKID&gt;4283&lt;/WKID&gt;&lt;/GeographicCoordinateSystem&gt;</peXml></coordRef><lineage><Process ToolSource="c:\program files (x86)\arcgis\desktop10.0\ArcToolbox\Toolboxes\Data Management Tools.tbx\Dissolve" Date="20150929" Time="100225">Dissolve FUAs_MUN2011 C:\Users\sanchezserra_d\LocalData\LOCAL\1.OECD\0.Metro\29.FUAs_AUSTRALIA\29.2.FUAs_2011\AUS_All_FUAs_CORE_HINTERLAND_2011.shp METRO;NAME;CORE;CLASS # MULTI_PART DISSOLVE_LINES</Process><Process ToolSource="c:\program files (x86)\arcgis\desktop10.0\ArcToolbox\Toolboxes\Data Management Tools.tbx\Merge" Date="20150929" Time="100934">Merge AUS_MA_CORE_HINTERLAND_2011;All_MAs_CORE_HINTERLAND_2014 Y:\DATABASE_METROPOLITAN\MAPS\All_MAs_CORE_HINTERLAND_2015.shp "METRO "METRO" true true false 254 Text 0 0 ,First,#,AUS_MA_CORE_HINTERLAND_2011,METRO,-1,-1,All_MAs_CORE_HINTERLAND_2014,METRO,-1,-1;NAME "NAME" true true false 254 Text 0 0 ,First,#,AUS_MA_CORE_HINTERLAND_2011,NAME,-1,-1,All_MAs_CORE_HINTERLAND_2014,NAME,-1,-1;CORE "CORE" true true false 19 Double 6 18 ,First,#,AUS_MA_CORE_HINTERLAND_2011,CORE,-1,-1,All_MAs_CORE_HINTERLAND_2014,CORE,-1,-1;CLASS "CLASS" true true false 19 Double 6 18 ,First,#,AUS_MA_CORE_HINTERLAND_2011,CLASS,-1,-1,All_MAs_CORE_HINTERLAND_2014,CLASS,-1,-1"</Process><Process ToolSource="c:\program files (x86)\arcgis\desktop10.0\ArcToolbox\Toolboxes\Data Management Tools.tbx\Merge" Date="20160526" Time="114149">Merge All_MAs_CORE_HINTERLAND_2015_without_DNK;FUAs_Denmark_CORE_HINTERLAND_2016_II_metro;FUAs_Colombia_CORE_HINTERLAND_2016_metro V:\GOVStatistics\BACKUP\GIS\Maps_Templates\METRO_SHP\All_MAs_CORE_HINTERLAND_2016.shp "METRO "METRO" true true false 254 Text 0 0 ,First,#,All_MAs_CORE_HINTERLAND_2015_without_DNK,METRO,-1,-1,FUAs_Denmark_CORE_HINTERLAND_2016_II_metro,METRO,-1,-1,FUAs_Colombia_CORE_HINTERLAND_2016_metro,METRO,-1,-1;NAME "NAME" true true false 254 Text 0 0 ,First,#,All_MAs_CORE_HINTERLAND_2015_without_DNK,NAME,-1,-1,FUAs_Denmark_CORE_HINTERLAND_2016_II_metro,NAME,-1,-1,FUAs_Colombia_CORE_HINTERLAND_2016_metro,NAME,-1,-1;CORE "CORE" true true false 19 Double 6 18 ,First,#,All_MAs_CORE_HINTERLAND_2015_without_DNK,CORE,-1,-1,FUAs_Denmark_CORE_HINTERLAND_2016_II_metro,CORE,-1,-1,FUAs_Colombia_CORE_HINTERLAND_2016_metro,CORE,-1,-1;CLASS "CLASS" true true false 19 Double 6 18 ,First,#,All_MAs_CORE_HINTERLAND_2015_without_DNK,CLASS,-1,-1,FUAs_Denmark_CORE_HINTERLAND_2016_II_metro,CLASS,-1,-1,FUAs_Colombia_CORE_HINTERLAND_2016_metro,CLASS,-1,-1"</Process><Process ToolSource="c:\program files (x86)\arcgis\desktop10.0\ArcToolbox\Toolboxes\Data Management Tools.tbx\Project" Date="20160526" Time="115204">Project All_MAs_CORE_HINTERLAND_2016_ V:\GOVStatistics\BACKUP\GIS\Maps_Templates\METRO_SHP\All_MAs_CORE_HINTERLAND_2016.shp GEOGCS['GCS_WGS_1984',DATUM['D_WGS_1984',SPHEROID['WGS_1984',6378137.0,298.257223563]],PRIMEM['Greenwich',0.0],UNIT['Degree',0.0174532925199433]] GDA_1994_To_WGS_1984 GEOGCS['GCS_GDA_1994',DATUM['D_GDA_1994',SPHEROID['GRS_1980',6378137.0,298.257222101]],PRIMEM['Greenwich',0.0],UNIT['Degree',0.0174532925199433]]</Process></lineage></DataProperties><SyncDate>20160526</SyncDate><SyncTime>11405800</SyncTime><ModDate>20160526</ModDate><ModTime>11405800</ModTime></Esri><dataIdInfo><envirDesc Sync="TRUE">Microsoft Windows 7 Version 6.1 (Build 7601) Service Pack 1; ESRI ArcGIS 10.0.5.4400</envirDesc><dataLang><languageCode value="eng" Sync="TRUE"></languageCode><countryCode value="USA" Sync="TRUE"></countryCode></dataLang><idCitation><resTitle Sync="TRUE">All_MAs_CORE_HINTERLAND_2016</resTitle><presForm><PresFormCd value="005" Sync="TRUE"></PresFormCd></presForm></idCitation><spatRpType><SpatRepTypCd value="001" Sync="TRUE"></SpatRepTypCd></spatRpType></dataIdInfo><mdLang><languageCode value="eng" Sync="TRUE"></languageCode><countryCode value="USA" Sync="TRUE"></countryCode></mdLang><mdChar><CharSetCd value="004" Sync="TRUE"></CharSetCd></mdChar><distInfo><distFormat><formatName Sync="TRUE">Shapefile</formatName></distFormat><distTranOps><transSize Sync="TRUE">0.000</transSize></distTranOps></distInfo><mdHrLv><ScopeCd value="005" Sync="TRUE"></ScopeCd></mdHrLv><mdHrLvName Sync="TRUE">dataset</mdHrLvName><refSysInfo><RefSystem><refSysID><identCode code="4283" Sync="TRUE" value="4283"></identCode><idCodeSpace Sync="TRUE">EPSG</idCodeSpace><idVersion Sync="TRUE">7.4.1</idVersion></refSysID></RefSystem></refSysInfo><spatRepInfo><VectSpatRep><geometObjs Name="All_MAs_CORE_HINTERLAND_2016"><geoObjTyp><GeoObjTypCd value="002" Sync="TRUE"></GeoObjTypCd></geoObjTyp><geoObjCnt Sync="TRUE">0</geoObjCnt></geometObjs><topLvl><TopoLevCd value="001" Sync="TRUE"></TopoLevCd></topLvl></VectSpatRep></spatRepInfo><spdoinfo><ptvctinf><esriterm><efeatyp Sync="TRUE">Simple</efeatyp><efeageom code="4" Sync="TRUE"></efeageom><esritopo Sync="TRUE">FALSE</esritopo><efeacnt Sync="TRUE">0</efeacnt><spindex Sync="TRUE">FALSE</spindex><linrefer Sync="TRUE">TRUE</linrefer></esriterm></ptvctinf></spdoinfo><eainfo><detailed Name="All_MAs_CORE_HINTERLAND_2016"><enttyp><enttypl Sync="TRUE">All_MAs_CORE_HINTERLAND_2016</enttypl><enttypt Sync="TRUE">Feature Class</enttypt><enttypc Sync="TRUE">0</enttypc></enttyp><attr><attrlabl Sync="TRUE">FID</attrlabl><attalias Sync="TRUE">FID</attalias><attrtype Sync="TRUE">OID</attrtype><attwidth Sync="TRUE">4</attwidth><atprecis Sync="TRUE">0</atprecis><attscale Sync="TRUE">0</attscale><attrdef Sync="TRUE">Internal feature number.</attrdef><attrdefs Sync="TRUE">ESRI</attrdefs><attrdomv><udom Sync="TRUE">Sequential unique whole numbers that are automatically generated.</udom></attrdomv></attr><attr><attrlabl Sync="TRUE">Shape</attrlabl><attalias Sync="TRUE">Shape</attalias><attrtype Sync="TRUE">Geometry</attrtype><attwidth Sync="TRUE">0</attwidth><atprecis Sync="TRUE">0</atprecis><attscale Sync="TRUE">0</attscale><attrdef Sync="TRUE">Feature geometry.</attrdef><attrdefs Sync="TRUE">ESRI</attrdefs><attrdomv><udom Sync="TRUE">Coordinates defining the features.</udom></attrdomv></attr><attr><attrlabl Sync="TRUE">METRO</attrlabl><attalias Sync="TRUE">METRO</attalias><attrtype Sync="TRUE">String</attrtype><attwidth Sync="TRUE">254</attwidth><atprecis Sync="TRUE">0</atprecis><attscale Sync="TRUE">0</attscale></attr><attr><attrlabl Sync="TRUE">NAME</attrlabl><attalias Sync="TRUE">NAME</attalias><attrtype Sync="TRUE">String</attrtype><attwidth Sync="TRUE">254</attwidth><atprecis Sync="TRUE">0</atprecis><attscale Sync="TRUE">0</attscale></attr><attr><attrlabl Sync="TRUE">CORE</attrlabl><attalias Sync="TRUE">CORE</attalias><attrtype Sync="TRUE">Double</attrtype><attwidth Sync="TRUE">19</attwidth><atprecis Sync="TRUE">18</atprecis><attscale Sync="TRUE">6</attscale></attr><attr><attrlabl Sync="TRUE">CLASS</attrlabl><attalias Sync="TRUE">CLASS</attalias><attrtype Sync="TRUE">Double</attrtype><attwidth Sync="TRUE">19</attwidth><atprecis Sync="TRUE">18</atprecis><attscale Sync="TRUE">6</attscale></attr></detailed></eainfo><mdDateSt Sync="TRUE">20160526</mdDateSt></metadata>
